{"cameraMode":{"drawMode":0,"name":"Shaded","section":"Shading Mode"},"sceneLighting":false,"audioPlay":false,"sceneViewState":{"m_AlwaysRefresh":false,"showFog":true,"showSkybox":false,"showFlares":true,"showImageEffects":true,"showParticleSystems":true,"showVisualEffectGraphs":true,"m_FxEnabled":true},"in2DMode":false,"pivot":{"x":0.5278599858283997,"y":-0.5953469276428223,"z":-0.7567130327224731},"rotation":{"x":0.21483056247234345,"y":0.2628121078014374,"z":-0.06018560752272606,"w":0.9386736750602722},"size":2.053884506225586,"orthographic":false}